{"initial_reset_timestamp": 1609834399.611348, "timestamps": [1609834410.1788948], "episode_lengths": [262], "episode_rewards": [262.0], "episode_types": ["t"]}