{"initial_reset_timestamp": 1609833159.7955327, "timestamps": [1609833165.4951153], "episode_lengths": [371], "episode_rewards": [244.2298458675221], "episode_types": ["t"]}